id,nombre,nombre_comercial,direccion_encriptada,rfc_encriptado,contacto_nombre,contacto_email_encriptado,contacto_telefono_encriptado,km_distancia,horas_viaje,tipo_cliente,creado_por,creado_en,actualizado_en
15d7dec6-34c0-489c-9e1b-a3ef7560cfea,HIRUTA PLANTA 1,,"ww0EBwMCGOCLTHFZ+sVg0kcB9vD91/203Bxkfa3QExSyO8781H6pE+AiTpTdyxJwXnx+8W4m0aud
3R8CakbMCBCEi8K20Mr9kkpK31Gs7GTx3jS0/nX6mg==","ww0EBwMCecsNpG2oxS1g0j0BPC1D0ygUt2b1EiR6Iw57eKh+VzmfwDj7gFtv/cop19I4Zm9EfE77
vyehWVXRsADURtKp65jpESQ+3Lcn",Mtto,"ww0EBwMCCTJweDatoFBj0kABVZgBNFJWQ300xa2rt0fii/mCEtCJwiAYtknqHkOsxDyKNk33xCc9
Gfbhr1R/vsIjFuGZBa1yzTjdrgALgyJm","ww0EBwMCFEVevfVz8+1i0jsBfoz6TiVd/izj5LbuUKwubEN8WiKbzoiqghzsWRk91X6W0SkIGoE1
BAL7bPXS4/ySp/Zhlm/Q/E6qtg==",58.40,3.00,industrial,,2026-02-26 15:04:03.371659+00,2026-02-26 15:04:03.371659+00
183c4145-2d7c-45d7-b070-f30a42320cff,ECSA,,"ww0EBwMC4IsX/IZS6tR50jsBPVcShzMrOytiMggrj2EVOKSmOUkjXDHr1OY8dxsj+B+9NYNWoTbn
WvT7pzqKAztAVZOp7sUMu4HH4Q==","ww0EBwMCN5GOsTNOV2l70j0B3GkKW+kdyiLpSKzTjnAacqwr8QS2ET5nvo4rCWAB5wxtXBkSm3qT
N+0zeiDtmtj0GXCIZLuAFudi/TSN",Admin,"ww0EBwMCkTBXcWAuG8Jq0j8BsSYbE9IfKEeehGyQWnyRZN+757B0PPiisymQkoHWakM6Q1S75QKU
aDN0pWdXCU5yXVsot9lObx8BiJ8Q+/o=","ww0EBwMCzB259NIX3lNw0jsBmYXTfU75Hygfwu5auffZrcLMZ/SHO0a2cTQblL9j/s2iLqjinQXH
dRJaUQXVT7LOcyCN3ANZmCwHAw==",32.00,2.00,industrial,,2026-02-26 15:04:03.371659+00,2026-02-26 15:04:03.371659+00
1974434a-a52a-4d89-b24d-0fb3b7cfcb04,EPC 1,,"ww0EBwMCGB+3ksxl6IF20jQBwWbaRVVjrQwtJHR0q/tqUB6+BADdhktQKMxOmLFdyy5GzbCTlZx6
BgC+Yds1geWSXMDV","ww0EBwMCIyK+l2vnraFo0j0B4D9L9DK67xD5hD9LDJhCYhR4yhSmgSlE5rLwpAyQ6Hfhbl+LhQqu
BgPiOWtgYr8t+EYiw7DL9qWMNt2p",Ingeniería,"ww0EBwMCxL8tEaUVoot80kQBNknTbeaBmCI12uEU628moRsdLptwi9twQdoAlc3BXVvJufMZmB41
9n9YbGUUubTEkSftsR6QVfxuEkXYYMKwqFAOrg==","ww0EBwMCYn9AMbvuCE9t0jsB7WT3rNQbWzLkNwN9r9IB50j0jdNJaoj3sG5Jn1eWJ0ZRW9FIsXke
WWbpSzIJIA/WbQgDHqMqKN1cwg==",400.00,7.00,industrial,,2026-02-26 15:04:03.371659+00,2026-02-26 15:04:03.371659+00
1ac6e32a-78ef-4e55-820a-f516ebdf68fb,NISHIKAWA,,"ww0EBwMC9tATZCRQvopy0jsBHVK9kWgifbSRE7SCmWg+wXnQ9uS/HoOhWfHgAdY9QQfEfznM0N1A
B9C4mDF95zd2lESzYutIUcLSGQ==","ww0EBwMC/hraNJta95Zw0j0B5JgbpFVoLDl93HXuzg7rBe6qVypzjAdp2l1TOTOd2v5but8QK4QP
qOJDFW+1r8GaPBKsCNZxxW30cTiD",Ing. Prod,"ww0EBwMCZwPcA22th6Fy0kkBNJF2EY+m/yagtryX45IbqDHpmLsYI5Quy6d+Yt1e+tXV7rdzTN+t
zmWrXC9K2CtG7ZFPBxv1/JOc1AHTn42xyDNvwF77V90q","ww0EBwMCI9ZwvLcEPkxx0jsBm3iu0ll31HB5lk8CDDny8sjwLDBl4nAi29PjCEl4x36/Bncme6y3
+4R9NBB2HNmXONJoPdEGxti8Sw==",61.00,3.00,industrial,,2026-02-26 15:04:03.371659+00,2026-02-26 15:04:03.371659+00
2a0388c1-150f-49c9-9f09-4b7221ad5360,FRAENKISCHE,,"ww0EBwMC7Aon3K+alcl10jsBG64CpGBKdt7hZP1psxjxEEhVcMdYBFNBoXsVmwGE2bXMkUWGNlxh
ROyqduGvoy7qxjxNRdulklbJQg==","ww0EBwMC0tu4x3+Etdp10j0BN6OVmbIgDKAs2n8NB1HErAg3sgUZFhqx3fBPKJHoKlcggG96eonB
RY/7sn/1GBD0BaPo1lNww8JTlaLu",Mtto,"ww0EBwMCeVDTL0hYQPtr0kUBPuQ2yR+jG8seNdLO0BofmBPwVNmrqppzBhYm++ViOyPNVF2YUaNt
tihp1+EenNv5isFl50Iq5brqoc/6NMvpzB2nq/c=","ww0EBwMCXDkRRocEhVls0jsBkShGks/rTUleHJ+S8ZQlX1gTalGW0ko7ViABTFNFBnjTqq54e5Cp
qsWf6UUDEIjcr1ceoGC4VUYtlg==",79.40,3.00,industrial,,2026-02-26 15:04:03.371659+00,2026-02-26 15:04:03.371659+00
2a9e498a-54b7-4597-bc0d-ad60532e9739,MINO INDUSTRY,,"ww0EBwMCwUdoBB5iNbtx0jsBh67BlMq8ALAh/6Rjd6rGNXUNqk0u2x1eWzZ/GHb50zB4t8MwKH7V
O3TqzZ2VdMUifVUSgZrOJcWfPA==","ww0EBwMCfFOkMQVTHepv0j0BnQK5kolh1PFwB8jIJdsGkrk7FIta4M+ERMiKn3oCaSPVxCNdJneQ
MPzSmALMfoPz7qQ2aaGi5N/BM87c",Ing. Moldes,"ww0EBwMCS5cNZHQn/P9x0kABi05phUasuo7gt8kh4uiEmxUU3vit+EzS6xI6VeNGOiHy5zL4mzWQ
Gr1gueBWQ0NfNSjKpfauyethdV1g6rVV","ww0EBwMC/yXeAB9/8OB70jsBRQlHTnSx9fOxYRsXqXYX95x0VFsV6Y3SCeTBtH/yw7IN8T1S+izx
9NYorDbxjnaJMw3pW96k/LnFkQ==",29.20,2.00,industrial,,2026-02-26 15:04:03.371659+00,2026-02-26 15:04:03.371659+00
2b02ec5f-ac48-49a9-a6a0-29aada5a62a1,PIELES AZTECA,,"ww0EBwMCpu2YfAJi50970jsB2+1Ook0sg4Mb4FnqbAhBP2yERUCaD7RifXSpHUQYI5iEFYv1NtFM
Z7JHqKrV31g/E4/BSU2cJAwWaw==","ww0EBwMCJ4deSWbXLx5p0j0Brlck6Jx4qUY+cSIrmEIQPWTTxo5Y8OHmeayvZWW/LQwTpM3GRt7O
mieCufj3yrRtLXhJEauyMws+8Do5",Almacén,"ww0EBwMClAogmPVC+7pm0kkBxse2WJGQDZi9z5S5+rxW6PdQmMFR3g53zCYgSOHGQ9EZtjVnv+OF
dJ4lvtNsW2Kb0isLYZxSyR8aPl0sodVrlKMEFsTSuWNN","ww0EBwMCKeGGWh5Xdodr0jsBlaRRLYxLuhN4gvj/6vl7YvmZI9V7niTS1K2RVrfhajhY42HGof5+
HugbKatIPnywYV8/Zb+ECFAwNQ==",5.00,1.00,industrial,,2026-02-26 15:04:03.371659+00,2026-02-26 15:04:03.371659+00
458fc797-653d-42fb-ac16-0add7c7cfca0,TQ-1,,"ww0EBwMCiIyxayB1LRFu0jsBlnJBdBDxF7tB+KRGiwLqa3uJUrHj9ccSiFS/z05B9nd+Jf4tGLf0
GtvTC41nqcXdFjE+zyBL0eWeYw==","ww0EBwMC1If0xURQU45j0j0BcDPxf4q+vIchTpPDj5nTjWpSLRrzN1cXzMCJjPbnbiDHd0IHxLMP
bEcbiEZG1HjLy2/6GIxh9yr9UQwr",Admin,"ww0EBwMCP3vbYIkgw6Vv0j4Bq3KhQ3UWwy50vScvNCfDcglAbKvGJ4CFz4uEjujeAiMI5MxCUQmh
BnKu73j+QktYzftElgJsumuo5k0kjA==","ww0EBwMCRu6hIOd0j05n0jsB4YqvnWA48/a1OkkwSdpK5Sr12Gl5g1Q6aGSsUEt9pYz+ai23KBbC
Wf0oEKzkznEhuwIXQ0FwgO86Zg==",26.00,2.00,industrial,,2026-02-26 15:04:03.371659+00,2026-02-26 15:04:03.371659+00
48fc272a-078e-4e41-88ef-1e1f2c657996,GEDNEY,,"ww0EBwMCtytdw0k4KTh00jsBEANq4RXgrqq5a+NAdHYLG49SHYJ3udyrVvX1yEErYg/I9hvIdf37
V8RoJDXXq6bEcSPYNMP6nQ0Keg==","ww0EBwMCQwtaoBjRW+x10j0BcImuE8DE+lyoLrgF95v5oCIfuI0ZAvPBxCt4Tvwgt01gKy1LrLk1
D6ECxvjDVuwhdwQvtqOmwBCwSYw3",Compras,"ww0EBwMConsh63CXHll20kMBTX8cpiq/l7KiFxvQq6IjMUwWtIYsloSzmoYj396jq8qnmjVW+ARB
yZ8pPobyqhnnj1PYWmjLkTe8YfuBiUAcBF6r","ww0EBwMC3D+ek28H1b5i0jsB2+gcZLENSd3OJEuWhAj56Ic+ExF0gpNf5Dii40NKzwVLIF6IPoi5
pL2gNsLIWlXEILlx2QApUBONpg==",23.60,3.00,industrial,,2026-02-26 15:04:03.371659+00,2026-02-26 15:04:03.371659+00
4a9d19d2-968b-46bd-b634-a8daff9c1134,EPC 2,,"ww0EBwMC5lF28DuBrE1l0jQB2d9MK6/B+xxJU9D81YgwEnWZYt4u2ztk/wzwlglQXcbuWbJDMevQ
hyDrBP6jCf3ZuFFH","ww0EBwMCMd5tRu9504Ri0j0BNyiicGEoJYCJFAhrucC2wyfOZExeqoAy9DsjFX3p2b34MYIFbIoA
KTdDMq4PIcmIMBfPWRgNjOr7qCKL",Ingeniería,"ww0EBwMCn1W7foaFwX5j0kQBT+QvuSyAHrpSjVpDxqMy5xQZmX76XR0Vt6su5IYxwT4Ujb2HXI+n
THww92/59dO67z1mT64zYht1oC/HagHvFn+S2w==","ww0EBwMClhl/g4wf+Gtu0jsBbcq1JR/RGI8cFHDu+icO2yB1dJgbKYy5BN5iwgPpGedlr6He31th
232yfJ4WgbnRPoGEIh56XS8VkQ==",402.00,8.00,industrial,,2026-02-26 15:04:03.371659+00,2026-02-26 15:04:03.371659+00
4d78fc6e-f4b4-4447-98c7-09eb0cb3cc1e,JARDÍN LA ALEMANA,,"ww0EBwMCSh82835h4SBk0jsBHrJ/+yvS3BVb7oIJCRFWpR7S/AkacRuak6HYRP3oCDvLr+9ly8v5
1UGRzw9wl7obYYP4zdIfYw9ixw==","ww0EBwMCbep2I43x6SZz0j0BNxJwLx0n5yPzBiIgqnYFsanXJcSxIv43pD5bt7BmyGIhv8i+w6gd
J+B7bijHggAq1rY8ZwJ0HJlJegz1",Admin,"ww0EBwMCFxrSM0HSaf580kgBtxppF832LFseaw8/5WOVRg5CCYXkXF0BuHsPlUBBA1eSfDkANVJK
IkgnMoXwjtuzkYH1vKx5uiSZa6DFuHN6e1bhOJnJnww=","ww0EBwMCxVgWdlRQ7NN80jsBxiC3I3mqiuHP9orrDqzS04N/XLWsNWjl9k1RepIf9uUvPhouNMIk
WQWBwlDQ8v9wPr24eX7FcgPXIg==",12.00,2.00,industrial,,2026-02-26 15:04:03.371659+00,2026-02-26 15:04:03.371659+00
4de88cdd-8060-4e1c-8523-7c7c01c17270,SUACERO,,"ww0EBwMCdNT0uJ9wRKJl0jQBcJKpKP3Ou83JWNxmt0FCPNFJpmdRaB5NyQH9w5pi9SdR8PNkc5Fu
IBWbbY2W79rgbH9t","ww0EBwMCQ/Qw0AI6xjxw0j0ByGBpBh12hGiRAssqz8Q/P6P7Kz3EdPuF3cA8IBN3OuNxZ+SBZed/
dUF1WoK6txImtciLuYBTqScGw4d+",Planta,"ww0EBwMCR3FFBkC9rmtt0kMBbtKWr+geJZ3DgQMAAKV3dOE4y7USOUHZr8q+eGhbPirTuQMkFqqT
+40oy2Tt+1v4iWLlIcQoSJ4hyIyDAbfl+AFq","ww0EBwMCaoFBo0YTlaN30jsBJEBmycQr/Ec1/CLGZw7cZMKtZ53nh+z6Ge6SBMiQrHoDS3qA4iKk
lByhNJTRwx4eH/uTDAhEMSismw==",392.00,8.00,industrial,,2026-02-26 15:04:03.371659+00,2026-02-26 15:04:03.371659+00
4e4a1e17-4462-402a-97b1-5955ecf8c0d9,MICROONDA,,"ww0EBwMCMXHzbGzb3rd40jsBxexVxdXtqE9LctP0j9xHX0oVnIXwtCw4uGxwccgtVRNZRaykeyvp
tY7RUviltVz9/E5tOE+0X+QoSA==","ww0EBwMCVKk3vzhiryZy0j0BHbPHwLvQC5qxp7g3BwWEqCF6KeiF3oy91A2gllTzu+xbDt5LiEEQ
whq2UR4S1wyyVTlUx79NUoFtfwU+",Sistemas,"ww0EBwMCzMaOuApME7Bg0kcB3C8Pe8zkL3SN5dGU0HeYs7HUIEM6uQoisQMf8/sOfuUageLMmM8R
v+/rQY50IlAfEAdFStskv9tqZTaKCL0a84eKdQXLGQ==","ww0EBwMCsj9R8eqAwB5n0jsB1l7RmS0+ViJNPUsIKcFozJzIor8w6SuiFBJrhY8BDwZop8I9yYmx
GDoycxLi2cXVJxE+FB4xwbougg==",41.60,3.00,industrial,,2026-02-26 15:04:03.371659+00,2026-02-26 15:04:03.371659+00
50696f94-b3df-4d19-8dc8-6c0508b7dff1,SERVIACERO ELECTROFORJADOS,,"ww0EBwMCfFwHQlSeCOxm0jsBwOS4KN0hbslj54SxSROXVP2UYCO4JFfSWDR25udQsXNaq4oX+dLB
ileA5EcvFoY28Hoz76nhbtt2sA==","ww0EBwMCrXIArTu/DJ9z0j0BwbgVwCtcL1E4aJX1+2miNEwG2SgXPRS1a77xVL9Wd1lEPFuZ6+wt
ur0b5Ez0SXswyXQVC/0WlbMzyTwA",Mtto,"ww0EBwMCiDn1xXerjXV90kQB5pYqoUPsTaD9qtaHoQ3NXS+Y75FfOd5Cp+JANAsu3pwoeuuHmmyq
7plip04zIe0CxJ5idnabp2A9CngWCBzoMC9h7Q==","ww0EBwMCXEkriID+QP5u0jsBhe7hQtXxbK0r0sICfbuw9BVQMS4Q4gIHBjRsFKRTsFSAJp8u7M1Z
T1UoIuKTxJrCj37QnPaIgkjjBA==",14.60,2.00,industrial,,2026-02-26 15:04:03.371659+00,2026-02-26 15:04:03.371659+00
57b2dc24-e453-44d2-9ede-82a327d02d27,BADER TABACHINES,,"ww0EBwMCqEMfETBrcsJg0k8BtXT1ZE4WLdHEV4jsI/CodbxwEw3FeGfPBoeoF4OBOUrLvQlLlRZh
6wKCZrMopnQQxg34vrtcKsijU4Zocl1zac4QX3B7QXTS0KdVkOPS","ww0EBwMCa6X6JJ4gB4Jx0j0B0Ejdvr7y6TFMIjqvG1SeJuD5+/o58zGDScjPP2rheZcBzRJ6MyMb
goM/Zcnk2+79EvCZbnJgO8E6//Sm",Mantenimiento,"ww0EBwMClHuwGE3j9aBq0kgBRBk4KYVMyJQdoms6R64gOOaJJAN65Ts7rlOjr3KjMr/0ZCBcQ7z3
IcUNbQWpgFVQ0HMjuouYMqnKqFLJVqwlwVAC/fJWf7E=","ww0EBwMCZsYORkeBRI570jsBgNL5iPErAqJwbdY/7XckGAlyzNqzSjvI6TINRv3de532XYgmkQRU
jCiHqjcB4WJoHa6NlfSsQNkCGQ==",17.20,2.00,industrial,,2026-02-26 15:04:03.371659+00,2026-02-26 15:04:03.371659+00
6061a6c7-fdc2-4cd2-8412-79e5597be1da,ECOBOLSAS,,"ww0EBwMCG2k3ShOVkal00k0BxxfM3JLzE5wvnpGhNUj1Ifs3NHy3aKXCFQv+zFcfe5t07vn5pKiu
Wlktb7xRnj3YLSqvD2u7Yf3JPWRyV3/6s70o+x6rkqYudDsoVw==","ww0EBwMC0RpGOCLxTWVj0j0ByBk5UWuf3MbuIfb2VgDcOVs/S9XTzJ8Zk+GKJQBmTtQfCdVR5luc
aIbnRQQcrCL2vRMHHWGvHWd88hvY",Gerente Planta,"ww0EBwMCbIrolbsa9tZu0kYBZs3acqh4E6qm3Z5NOyQExsK7d064ui0NZyNQmjOHR4ZUfgUC+YTc
Xfh7iRsEdE11t3eQQymfUIEbK6nyRyee8rzxJ5Oc","ww0EBwMC4sktCeRQI2J40jsBQw6MtcYoIMcHYVdKkjbVwhN/LgFD8rf2tj4h/wumdbpHSEhhpK9u
AFCvy+dqP3TkN962GL9Ke5PhGA==",216.00,5.00,industrial,,2026-02-26 15:04:03.371659+00,2026-02-26 15:04:03.371659+00
67e8467d-1a65-4236-8ac3-41ebb5f106a3,EMMSA,,"ww0EBwMCs8gYRYIF39ti0jsB3oxvVr7NlCz41aVgoOvSrzvT/3RVHLdH+ihs/r+67syho5c7cTxM
hT35okk5pW6nBGj7aV8jW34eYg==","ww0EBwMCEwaaljgazaZi0j0BaTzCD6XYdn4Jv6Rl2Hrg6w5mBUR8IJkEdq6P8uMEm3nw3Syaroza
eNWbJc1W6O+oZsZ7yOvfyCQzFat7",Almacén,"ww0EBwMCkahJ6bxWLKNv0kIBRvrbBtJczEeYcLsGXMdl1xwXCoSbN7+IYFBlD0Wqq2Q38bMyepHf
kJbdgip0vz9ar6inViMGhoKVCGCLW78UmR8=","ww0EBwMCBEoXzuCWlQpi0jsBclkbFaKyG9Z8PBfr9Imj/VlEpgVfP8V7h9P9bEF5ZLXeHkVNCSkE
uhihnh7Xhn564ThzkQAQVHtdoA==",21.60,2.00,industrial,,2026-02-26 15:04:03.371659+00,2026-02-26 15:04:03.371659+00
6a78d61b-9b7f-4ffd-b45a-af1a096dfa45,HALL PLANTA 1,,"ww0EBwMC9r8AYhBG7xNo0lMBE+Px4JxBUIi3Nd+K+aOPaGwsKAZEQH/jnuejzbgFi0WUKQfl13MC
+vXP8cCLG4N8eQWuWRXgLs9Y8AZwxV86gg+fSuKbagKaUAcu5dnY1t0XFA==","ww0EBwMCtEOQAXeM7d560j0Ba+BpDcxgYbj2AIU4NoGd3MBic8kobKXQak1+wTp9Rm6FhV0PSbFU
gPUezeW3Y7a8BIJQeuypcQRVrA1r",Ing. Control,"ww0EBwMCMg8Cp3wvNgNu0kEBx+54dfKufY/HVH7O/DBJS1z4cnTfavQ2fY/O55SZf96t25pnfutC
KKsdCvJJHKBxcM5vI7JtIfMPaR6aG6TOig==","ww0EBwMCtqHZ2tWIqAp20jsBnPdQRPxs8CBIDqaSDqeyFcXib+9h5u6eEOc86FY2e3Sw72OPZINi
tT5Vz0DAlzS0QmjjvqMVkPAjoQ==",73.80,3.00,industrial,,2026-02-26 15:04:03.371659+00,2026-02-26 15:04:03.371659+00
6e8b2f3d-7a27-4d1e-b631-d3fda53dfeac,BODYCOTE,,"ww0EBwMCTOAWXBu7F2Bo0lIB0IiD5HmHc3XEMmXw/0eiDpvphgXZ5jFqE/0klkpC62fMdJdfHxap
t6TuJSO+PxY5Cf362r63x2gUsAz5ez/ejUnq/xnDZPGenumMYt2LhYm7","ww0EBwMCQ/ZT+GGItmp+0j0BMgph26qigSvZDxDWCGQRr7a7lBXKKeZx+ZXfNA+lwJKUgHnZ0KMp
72tBZjB3ItR5K9jHw1lGjukxyUg9",Ing. Proyectos,"ww0EBwMCzcA++cQYU11z0kcB09UrwuLDfvqMfBGhOJb/hEO0n3m9El+AAguovOgeJvPBdCls0e8k
5Rhxh7wPx7urFe85Kw2SZPAU0fb4tM7NUiBgG7rlEw==","ww0EBwMCT1lYTO+SCkh10jsB+QS3OeqPXrx/U/8i2LRRMTxVCWaKYm7C9Dzc2cEyKLsL4R5p9r5k
Dv7kFQ63xnSoU+JR1fnSBmXeLA==",90.60,3.00,industrial,,2026-02-26 15:04:03.371659+00,2026-02-26 15:04:03.371659+00
71599959-85ee-4238-b731-58843208f607,NHK,,"ww0EBwMCQBmXESrBe29x0jwBc6mJ9A8XmN7On6ClLaIQxl/fV6Sgi8ft1V+P184UwVxNaTdo5UyZ
2pp0shaMmWdLaIPsTIDH+PirPq0=","ww0EBwMCmbVmFnlXnGFn0j0BHN9mPgxJcDtwIRdlfwpCySN6e8lO4bxP8f9FfdAYMZRACNKshORC
1Nk6K/M0+JaCkbzzPuSmkWhkVn/B",Mtto,"ww0EBwMCZv+pHqX9NvN00j0BnIEjlKGjcejQVsUCDce6eBTanjG5vgMaKGG4BdfKs1uAw2NX9q8H
65t6Mp11kXgYAp00zmfbB3YkX8FT","ww0EBwMCA2StVuxoSUl50jsBMxPAgWvyotQXb1oLnGIDJkNpdBdAKP7X4kG9ipg+hqJGvqSC/kiV
Qu36lu+TJz1rCrHIPftyf6uDKw==",138.60,4.00,industrial,,2026-02-26 15:04:03.371659+00,2026-02-26 15:04:03.371659+00
7a470f96-1a4e-457a-a700-7b19df077ce6,MAFLOW,,"ww0EBwMC4wPX3NYqEaVk0jsB3xOc6GfbdTrv3eJ0Tem0N8GjU/45rE30vLQXSe2onp2qWLb2TO5I
AKSgAHkHtex7tFbxOa0ZSOzdUw==","ww0EBwMCKI9dXKBnze560j0BQorDT3MShyzFe0p4aZsjzBcDE44Sq8KkpKKbD2VE+NM2ISU3rDNy
SBiFiSuhrqM2KFclxOIuOptcD8Jy",Ingeniería,"ww0EBwMCTcvufYAknsdw0kYBr0OjbX2kb+6OMDEL7+/OVAhW6QnzgMa20HUq2LCcoSIZ1LAtTZa0
r4YITYKwSSnz3WUDymZ9EmySmUP3gOWKhxisGjBs","ww0EBwMCkXCR77AeXG5s0jsBk6YSlCdw+YKPCBeyg+T4DJjcy9fANiiAr1DUHsgl2eHETpdwZDkW
Wu26bb7zIQgFkqqr2PcTo3Z7gg==",59.80,3.00,industrial,,2026-02-26 15:04:03.371659+00,2026-02-26 15:04:03.371659+00
7f552c46-5f72-4b9f-8cc9-18872fed383b,ANGUIPLAST,,"ww0EBwMC3J+11FmtN+R20lYBoCMBCZxGtt3W58d2X7yg+dSPWM+RkaR39FSy2rJj0B3f5VCkyyKT
zksGZUFZJfMpBBezTiq2PWpLTyOfHG347NxwTmIJrk1X6fgNr54O7WiS4CsMdw==","ww0EBwMCqSFOxuOEhCpl0j0BXxFJ8F3WMdegT5AOQ6AtSSw0pMwzNg1eAyQG7bxw7SEiBv3tPO0x
2y9epxlWI7BFu50nWDF3LmgBtOx8",Ing. Compras,"ww0EBwMCibOcG07DRJt/0kcBycNvtQAaktj7qCairhO8gYqfWfDNO/Od1EGKTNvjfN3L4Gqvidaa
HmfsMx1hJSY90IEKqX5slNWCQCHxGaZdi/k87ZiOxA==","ww0EBwMCEPvYb5wUoIF20jsBQQfGOj9acROCfBzIX1y43+Xhyz5RWUypt4dmavOj9jQrLS/pSYI3
qiwAcqSOWby7VzvOEVzaszFwPw==",234.00,6.00,industrial,,2026-02-26 15:04:03.371659+00,2026-02-26 15:04:03.371659+00
81ea0bf7-9b07-4440-8ae3-109acc977d74,SAFE DEMO,,"ww0EBwMCDmApfO1GJ1hm0jsBRrNkxIqTVYJo2mgF3TfDFh5ZZ4JDY8ldwK2PhqKfiu0Z/StteQaq
togcur4+X6e7oIR+Od3A2vTlXA==","ww0EBwMCEx1bxo67afBn0j0B1QjUvgD1y//JLKgsxwv0iRqFjihNIz3nUTCzmZqyCgOYPwNPQOyG
AEThr2o7oLxI4cj9vbokjLxcDP7H",Ingeniería,"ww0EBwMCyHA2XQm1oKRj0kgB2GNhM1kuDa5AY0N8c41ObDTjYLUV90qrsoW7PO3hFMjCYS7vLZ4p
URQefqCF8otl2GecnpOJ01SXiBhGKeheJtVE7qCkguc=","ww0EBwMC79+QuEZQUndj0jsBCveUbUsibOwkpckG8NrMxwCt/BwJdYC7OgoZDDbjz+a+FAbYqDkO
FT5T6COj4K3KhX9GApejNtuKsQ==",61.60,3.00,industrial,,2026-02-26 15:04:03.371659+00,2026-02-26 15:04:03.371659+00
83b64141-20ad-4646-920c-b3fc3a58801d,IK PLASTIC,,"ww0EBwMCWCezfle+B7ds0kQBdsqtzkp9vBZtz8CheF+fOIsiRKD5gckxWUvwjFhMeNv0awhhNszh
MuJJQ+NyJ1jqsCiaK18ReciGGFNxCJd65FZ0Iw==","ww0EBwMCbtwCR8/7Y4lx0j0BYL3Db8lNFnlKlgGhKIcO6wjq9WkR35FJTDrxz07ch8B1QYbxTyoz
vgGw+QBqd8Z/jgFnY1TurUSStclq",Ing. Proc,"ww0EBwMC8hTHPfhweOJm0kcB9zWNQRmn22EpGuybR5xvCABlj77Eg9AD5sfBKOfd2QiRYB0FbRrE
FtNY/TtmoLEPstYsPpeqqyd+ks1MaKh3lPCnRMFMsQ==","ww0EBwMCdXV0XRvMT2Z/0jsBbMgdylsk8VDBbvJYuyeSTn9p6Ix2Ni+7a68XkHDlOnQHu8Avlwht
SH3Q4V051DeNG7ZtZ8S2HkQQ8Q==",61.40,3.00,industrial,,2026-02-26 15:04:03.371659+00,2026-02-26 15:04:03.371659+00
af79cff8-4cf5-49f0-9eeb-33cf545ae43a,IMPRENTA JM,,"ww0EBwMCxmkjT75v4DZu0kUBUErKvZfuOE6jeXmtUQrqjuUZ2ebGM17zJCVU43K/MldWH43Fx/j7
1RyHJT3GcG5zfyGlCHsovn7YYWFOOJiC292y2cA=","ww0EBwMC+YiDuypY3LBw0j0BXDFxb+stj97fe0aJD346K5K71ZyCzz6MdWlSOBT1Vi0ZdVy0XYqJ
ufpyX7w54+JOz1lswWM5rn/WIYw8",Dueño,"ww0EBwMCdBjR/NI/hQBo0kUBW5DJ/LCD9PJhuUhOjEU2u1mFxna8PgO3e40W2H5jdOQJfZOPQkyI
sdCBJUY28/sYLYhsdXoQzPbXkwgwXSorirPGHjc=","ww0EBwMCI3wg2PFKeN5r0jsByRiYUEyDaWdWjUjtG3cISbA5hcbirLiuNPgsNK+HDcd6ukvlkMV1
cl0sG5g73r3kokuBbcjpq5m63w==",16.20,2.00,industrial,,2026-02-26 15:04:03.371659+00,2026-02-26 15:04:03.371659+00
b2e5f9e4-3277-4e00-b9cc-83a9fd1453fc,BOLSAS DE LOS ALTOS,,"ww0EBwMCW9vojOCNX5F90lEBPFrom6WeLKAbGTJJ8KAYKYhRbs4PQ1vt740sMT/ilHw6hpxKe11r
jhUI3YXCSccVhPYhgBMdAW+Rp2a65F0coieL5S4+qOnirHAhnNJOfBY=","ww0EBwMC2a37D6+wm3pm0j0B7ClzjAMfxdb0+0nCrPTdHBlo1vdL5crDBPiGkZYg5/j77zio5WLe
2ePM9+zQsxrowygOn7FOY1psj4hK",Lic. Adquisiciones,"ww0EBwMCa6NhmklmlhFz0k4B8IlCGzM/wbLBo9qlGmZ77AP9/6SGBuo91KSprLSXGlk41bkEyf14
qOm9t6kb0yX92he1HlQBvDQGWozpWMMprUOo32CGgSH46izuQiA=","ww0EBwMCeuDPrzl8d0Jn0jsBemp4zqB9hx5DRMVk0ovu5i9B6fnzOxxCntw7K2jrmrvQVnNxBqVt
hwyFEhxElcwwoStO4Tcy0qIGRA==",226.00,5.00,industrial,,2026-02-26 15:04:03.371659+00,2026-02-26 15:04:03.371659+00
bccee712-dcbf-40d8-9f6b-b8e4b099e795,COFICAB,,"ww0EBwMCpCP2reXxL0dj0kwBlbbHtls/jTIibzhgA4iI7/3NgGO+wZ5UHiGDLly+jlZQs4481xxP
85GRMCOoLxOaMpHUPANxJbos08oloS7R2oVHumnBlFWDe22n","ww0EBwMCnjujfadCfNN+0j0B6Wkinf6IkBkRz1CTA4izPeXgrk9vSwdswNwu82U5+9nUVIW28gwa
1SSqxyXi+wrLQF8ji0nTnFFo9LMf",Ing. Eléctrico,"ww0EBwMCPredZPSSKBpv0kYBKTetgf62m9qcalCVck2dFR7/WW44YwHMDgDYOqApmhGpd1a14EV4
j4VPw0nRDuKDYILPtl9n5rnTZvhUBjRgOkZ2lvvQ","ww0EBwMC0KySvk1K90Ni0jsBjGt+73zp4HR1yRRcX4ra2Um3vNb99IEQH9t6gJBgWEiLCjxSEjDk
2+aCy0ofELgfYR0hXkQbMcirbw==",80.00,3.00,industrial,,2026-02-26 15:04:03.371659+00,2026-02-26 15:04:03.371659+00
be315be0-5c1c-4bda-a45c-eab1a489806b,MR LUCKY,,"ww0EBwMCU/5Bh0+iwkln0j4B5YTEncOZfhpwxCNRv6eRxhOM3VnhT6xnHrSsEl8ZUMyV+mXbA0oH
vijjAvJLqbipd0XFrJtqvFjBOb2+LA==","ww0EBwMCoSkl5Hs2X1x+0j0BP2fXvbQiYT76Rlc/BrZ6jouZ4DZC3UytlbSkfcqZXA68wZQoGbnL
kaviNVNB1o4ZVVVweAxVe54l/SMq",Campo,"ww0EBwMCGPGD2PVQ96Fv0kIB870vKo7ugZKj3NMu7jjKPF2Sbes+ApSFkDt7xGgfoObNe/yIcY6v
sYYExDjQ3zIolmbz3aHqTO7/YYAfrT3QFaI=","ww0EBwMCYkMQnR8/F7d60jsB72pa+dqd6yR9wRZG3S1c7VywF4cCfsirODX4xGGMzCR1sVxQMNBF
udf2O//ZNUyhJlFbgHtejAzziA==",157.00,4.00,industrial,,2026-02-26 15:04:03.371659+00,2026-02-26 15:04:03.371659+00
c43c1879-c915-480f-bbdd-638b9816ac34,MARQUARDT,,"ww0EBwMCByESGnDR/6l00j4B3SsO1ET5zqfq1xpFS1qP6jDdfbSUWtvOb9sC3B5l8zwp0yVno9Y1
SOnvxjs36I+RwDtee0awR3OGNqhviA==","ww0EBwMClkniDfvak2d40j0BE3AfiQhQeh0DSuLHQ7MwQ7+uBAZ19LQAWvjNRDLigbmuCBWr/CzI
xcIWiOAGzw4MmUfJuhMovk91+3Km",Compras,"ww0EBwMCa6PggALHcrBt0kYBtd9XGiQGQLJg+Htl5E+PPVSuS64SfEdQi1Upo0METeMrD2XYhx1n
lnERihIPXZyshDf5JPR4LzW80Uf5lYFrDAIo7rdZ","ww0EBwMClYl9HrrMrXN90jsB44zBUG9WO1Dktqk1OfAwRBeypZDRewFebqiun3+wwCU8o7rYoodq
KwKkhLTZVFfrZDbHl/9WPzHsLA==",125.40,4.00,industrial,,2026-02-26 15:04:03.371659+00,2026-02-26 15:04:03.371659+00
caa81d38-2561-4d82-b9ca-336e8349e1ec,GRUPO ACERERO,,"ww0EBwMC81jxDGBpYH5g0jQBG5kLoGm+Zsv18IuuUPSSnhomw2zc6M3NSfVKBhkdwgz+PhItTJ0h
cZe0E71USK+MxJ9M","ww0EBwMC6SQpKr7DCF9l0j0Bn1SUJr9t8EDRmdoRzOUlbaaZcfNHAhtbSW0+dHesydrGYp3mwZgp
zqcS8nszVmiitAWzDVjLLMvpuiK+",Planta,"ww0EBwMC5UMKWqaO4+pq0kgBdmpLV8CySlPrKdOApAqO1xdFHdVQ7m5sI+gHH4DGIk+4QdMiA3J/
sH5BsEsoed4NChETb3eoUr4J3wzq8w6RYxzkiR34qTc=","ww0EBwMCbSHY9MYwjbx70jsBrIdHeCE9Fc7gLqoq7n2q+fnyUw0nX5y3UM+VZHIq5bmJ0ypglvFh
h/mb735Ebmzw3iMFGezl6Mw8gQ==",386.00,7.00,industrial,,2026-02-26 15:04:03.371659+00,2026-02-26 15:04:03.371659+00
d88a4a9b-84bb-475d-82cc-913277283e97,CONDUMEX,,"ww0EBwMCQkdQq1yHPGV00jsBoAzJKoO6us9U+PqJCRxzmB+jJOgUOHv0WASxJA/Wt5l8cR57GF/+
n2OSAdTnUiZ7XDCeB9YEOkWiKA==","ww0EBwMCWOizQ60ZA1J70j0B9lMvGskyNeYGdzpcZsQhBDs6MrT/RGOkQwbEq2a7cjQhlfUAZdaa
BZMqMDyh2KwjZjsGhmS0eFK588j0",Compras,"ww0EBwMCZqs5ofB01slj0kUBA9sJBao2zxXwra5RvoUZOph5yZAk4ZTmk5DnaxW4dnYqk+PSDbX0
ZJKORL44Gvo9zom/HNmc8GXkSMIJ2R7C/h2g+Ng=","ww0EBwMC2pP/bDgUluJ+0jsBi6lorIxnpp+lP7tGwMS6/o5m/b77pjH13mJaamNKCyfOy2qfwfsh
Wegyv++vJ4h2JegmU1C2J2lbaA==",90.60,3.00,industrial,,2026-02-26 15:04:03.371659+00,2026-02-26 15:04:03.371659+00
e38d8321-56ba-42bf-ad1a-b9b50e09cfc5,RONGTAI,,"ww0EBwMCi8NTSXwJjDVn0jsByb4IcZFcNYPV8KoWmEol0qJNWpbCINQ65jis/RGDD8wyjjnWSnI+
aYJbpFwN7MYozJLXqLzFaAKlnA==","ww0EBwMCdnod8YtqwMFp0j0BCb6OA+UAMD92OkhSvENQSQC6kYqeJljrFRZbA9BI5ZS7upiQSNap
1KLvsDWMFAbA+c7rlFGQL566wdGU",Compras,"ww0EBwMCL26/07Xfr4Z50kQBNnBcKEmt8D278hfPwyCFrf3mFqkBLykaJ69Q55iDK/EwLq6N/xO3
lbwMNrKILqhPpe6UWJYEvseoQjjndDoVjvg7kQ==","ww0EBwMCO8Fqj3As8nFv0jsBze4KdzIJHYdne8Ps+Trjbw4/oMwGPzAvBePgNbErZi2NEpTUL83e
bgrjBR9Y8p5qvbEoZdlRqm9Iug==",28.20,3.00,industrial,,2026-02-26 15:04:03.371659+00,2026-02-26 15:04:03.371659+00
f11b1fe6-4193-4f76-997c-a06188d3f1da,CURTIDOS BENGALA,,"ww0EBwMCECW90wbtNOJv0jwBBASNK+8EC3Lw0FK9wZOwhZNykAW6+GDePvyFZWKXLSZdErwlgZGs
vEBsNueWn+4OLBy2U+QrKEGTGSA=","ww0EBwMCaDLZoBwc1g5x0j0BEglQ7xITiTyEEQ24nwjgERauzpduVnDdGfSyva5+iqGZ34uji1qg
I5kxD+OrLukzXSI0f54Dr60H3w7G",Propietario,"ww0EBwMCE/NAOJwb0gp10kgBXG+/0KNKWCTo0Fbwm3/dLB7bZLu6SMuOE3KNIygqPVsmtfeZqPyq
h5Jw8qFWxdueIgyCHnxXoDdTLv/UPG/u0djDdEBIvcA=","ww0EBwMCJukNjrXzH4Fu0jsBLuDDr3JkjIMs+bFoc1yjuapHuQ8gM9+DcIBg84mwrxyQI/NOzXXF
sahXVkM9NbnR9rZI7u7Ahwt5mg==",17.20,2.00,industrial,,2026-02-26 15:04:03.371659+00,2026-02-26 15:04:03.371659+00